ea,skema,min_prob,total_cycles,pb_cancelled,pb_nofill,l0,l1,l2,l3,l4,l5,l6,l0_pct,l6_pct,deepest,mean_dd,median_dd,p95_dd,max_dd,resolved_pct,unresolved,avg_bars,est_profit
XAU_Phase1,A (prob 0.35),0.35,7583,0,0,4331,1883,719,301,139,63,147,57.114598443887644,1.9385467493076618,6,142.45301727548465,2.6400000000003274,99.43099999999832,124814.27000000005,99.85493867862324,11,6.458921271264671,22716.0
XAU_Phase1,B (prob 0.45),0.45,7461,0,0,4230,1904,695,289,138,59,146,56.694813027744274,1.9568422463476745,6,145.58350489210565,2.699999999999818,99.85999999999694,124236.42000000001,99.86596970915427,10,6.342045302238306,22353.0
XAU_Phase1,C (prob 0.55),0.55,2742,0,0,1614,679,238,105,47,16,43,58.86214442013129,1.5681983953318748,6,152.1147702407003,2.4200000000000728,73.74649999999991,70434.13999999996,99.81765134938001,5,6.137490882567469,8211.0
XAU_Phase1_Reversal,A (prob 0.35),0.35,7031,0,0,4505,1576,486,183,91,42,148,64.07338927606315,2.104963732043806,6,196.25262551557392,1.540000000000191,81.11499999999751,127321.25,99.74399089745413,18,7.048072820366946,21039.0
XAU_Phase1_Reversal,B (prob 0.45),0.45,6908,0,0,4431,1535,493,173,88,41,147,64.14302258251303,2.1279675738274464,6,198.91431673422122,1.5399999999999636,78.33500000000092,127321.25,99.7394325419803,18,7.056311522872033,20670.0
XAU_Phase1_Reversal,C (prob 0.55),0.55,1940,0,0,1168,480,150,47,33,22,40,60.20618556701031,2.0618556701030926,6,239.68860824742254,1.9900000000002365,106.72250000000416,50243.68000000002,99.69072164948454,6,8.15979381443299,5802.0
XAU_PullBack,A (prob 0.35),0.35,5159,7514,282,2718,1468,567,192,87,47,80,52.68462880403179,1.5506881178522969,6,116.3499766778038,3.514721905999977,76.31212327000254,124621.87015416799,99.86431478968792,7,7.2640046520643535,15456.0
XAU_PullBack,B (prob 0.45),0.45,5156,7500,282,2716,1468,566,192,87,47,80,52.676493405740885,1.5515903801396431,6,116.41230240902141,3.5150577413000974,76.3439405590027,124621.87015416799,99.86423584173778,7,7.263576415826222,15447.0
XAU_PullBack,C (prob 0.55),0.55,5154,7498,282,2715,1467,566,192,87,47,80,52.67753201396973,1.5521924718665114,6,116.45666997635439,3.5150577413000974,76.3651520850026,124621.87015416799,99.86418315871168,7,7.26581296080714,15441.0
XAU_PullBack_Reversal,A (prob 0.35),0.35,5736,8723,339,4383,900,238,84,39,21,71,76.41213389121339,1.2377963737796374,6,94.63585730273513,0.9489385293001078,28.713893548000783,54668.814006712084,99.87796373779638,7,6.064853556485356,17187.0
XAU_PullBack_Reversal,B (prob 0.45),0.45,5706,8669,331,4366,890,236,83,39,21,71,76.51594812478093,1.244304241149667,6,97.03467277542542,0.94207914719982,28.673852439201937,54668.814006712084,99.85979670522256,8,6.1093585699263935,17094.0
XAU_PullBack_Reversal,C (prob 0.55),0.55,5704,8668,330,4366,888,236,83,39,21,71,76.54277699859747,1.2447405329593269,6,97.06673344100466,0.940794679200053,28.6755729918414,54668.814006712084,99.85974754558204,8,6.111150070126227,17088.0
XAU_Phase1_DI,A (prob 0.35),0.35,5416,0,0,3385,1132,439,176,89,59,136,62.5,2.511078286558346,6,197.59736706056137,1.8050000000000637,125.62250000000074,123501.09000000001,99.79689807976366,11,6.355797636632201,16215.0
XAU_Phase1_DI,B (prob 0.45),0.45,4927,0,0,3058,1075,371,163,84,48,128,62.06616602394966,2.5979297747107775,6,214.7988552871931,1.8600000000001273,125.81000000000152,131677.35000000003,99.75644408362086,12,6.727217373655368,14745.0
XAU_Phase1_DI,C (prob 0.55),0.55,2354,0,0,1495,513,149,78,45,18,56,63.50892098555651,2.3789294817332203,6,121.52719626168238,1.9149999999999636,119.50899999999864,23695.600000000024,100.0,0,4.923534409515718,7062.0
XAU_Phase1_Reversal_DI,A (prob 0.35),0.35,4769,0,0,2841,1173,362,150,76,40,127,59.572237366324174,2.663032082197526,6,258.2067456489831,2.240000000000009,117.800000000003,107115.54999999996,99.70643740826169,14,7.3747116795974,14265.0
XAU_Phase1_Reversal_DI,B (prob 0.45),0.45,4591,0,0,2719,1136,347,143,80,39,127,59.22456981049881,2.7662818558048357,6,277.2218666957091,2.3500000000001364,124.71000000000322,107115.54999999996,99.69505554345459,14,7.478327161838379,13731.0
XAU_Phase1_Reversal_DI,C (prob 0.55),0.55,695,0,0,364,193,63,31,15,13,16,52.37410071942447,2.302158273381295,6,167.56092086330926,3.5799999999999272,206.34500000000213,44146.40999999999,99.85611510791367,1,6.840287769784172,2082.0
XAU_PullBack_DI,A (prob 0.35),0.35,3201,5717,232,1797,779,301,146,56,33,89,56.13870665417057,2.7803811308965947,6,219.30471332726694,3.017256696000004,141.28890355380145,124621.87015416799,99.84379881287097,5,7.937519525148391,9588.0
XAU_PullBack_DI,B (prob 0.45),0.45,3193,5662,229,1788,780,301,145,57,32,90,55.99749451926088,2.8186658315064204,6,220.03593014446287,3.035311601000103,142.05320885708056,124621.87015416799,99.8434074538052,5,7.949577200125274,9564.0
XAU_PullBack_DI,C (prob 0.55),0.55,3188,5641,230,1785,780,301,144,57,32,89,55.991217063989964,2.791718946047679,6,219.30462509031588,3.037852626099948,140.27200383297577,124621.87015416799,99.84316185696362,5,7.949184441656211,9549.0
XAU_PullBack_Reversal_DI,A (prob 0.35),0.35,3716,6732,249,2718,623,190,68,30,22,65,73.14316469321851,1.7491926803013993,6,130.29113995509044,1.1106428846003382,44.26433413450036,73878.8340067121,99.8654467168999,5,6.197793326157158,11133.0
XAU_PullBack_Reversal_DI,B (prob 0.45),0.45,3711,6665,245,2721,621,187,67,29,22,64,73.32255456750202,1.7246025330099704,6,130.15121995689637,1.1090223296000659,43.94685708849852,73878.8340067121,99.8652654271086,5,6.186742118027486,11118.0
XAU_PullBack_Reversal_DI,C (prob 0.55),0.55,3693,6605,242,2708,621,187,67,27,21,62,73.32791768210127,1.6788518819388032,6,129.49713957353552,1.0951304715999868,43.38533778983935,73878.8340067121,99.86460871919849,5,6.178716490658002,11064.0
